{"train_acc": 0.004990925589836661, "train_acc5": 0.019963702359346643}